row ID,row m/z,row retention time,20240730_Ext_E31_MGO_24h_ddms30.mzML Peak area,20240730_Ext_E31_24h_ddms30.mzML Peak area
3,186.9563073,0.024376133,324317.8,0
16,158.9613957,0.024424959,635396.7,739531.3
20,171.9929689,0.024424959,424781.6,416260.03
81,276.8967678,0.050860714,99883.766,226273.67
87,223.0636527,0.065587126,2354781.5,2254509
122,287.8889042,0.0773453,0,212933.92
125,328.9152255,0.0773453,0,338358.47
296,185.9834158,0.6958963,131426.69,108816.94
310,180.903823,0.8054785,617752.2,0
377,203.0524667,0.87659925,281022.53,479108.56
379,219.0264369,0.87659925,157604.56,1154497.6
402,381.0788329,0.89330906,77635.984,713962.9
412,291.9067218,0.896644,728650.1,0
417,332.9329433,0.896644,330979.9,0
432,365.0841006,0.918832,0,1329576.5
447,278.1233294,0.9574384,361248.7,375726.6
459,234.9563809,0.9614573,708309.25,0
478,205.0818112,0.97217834,193902.7,326999.8
499,188.0916542,0.9866539,173001.28,351971.03
514,305.1339679,1.0013804,688492.2,1361780.9
566,176.0087797,1.0495238,69638.664,97155.39
571,328.8939193,1.0495238,601481.25,1404580.5
590,165.5010743,1.0878067,442876.38,0
615,297.9630175,1.0878067,394894.06,0
617,301.9574871,1.0878067,374550.25,0
619,308.9310965,1.0878067,2079682.6,0
626,353.928602,1.0878067,336240.53,0
628,406.9078314,1.0878067,1409160.1,0
656,273.9624513,1.1191808,534567.9,0
670,160.0344956,1.1402919,581227.9,942998.44
680,157.0352668,1.177385,1.25E+08,0
690,353.9285388,1.1912565,0,387555.03
714,305.1338315,1.3170304,0,312630.38
723,256.959756,1.4019535,3312264.8,0
734,160.1077317,1.4377234,0,78284.34
735,173.1396199,1.4377234,0,381747.06
753,289.1392066,1.4696543,171929.4,510747.94
762,251.1024324,1.4705919,0,67551.1
774,178.9460237,1.5273131,815729.3,0
780,170.0812665,1.5279973,14518.277,97814.266
795,200.1027716,1.5640591,0,178266.08
817,171.0507146,1.5940785,69491.38,565329.06
818,230.102243,1.5940785,69593.05,510280.44
822,195.9488156,1.5948493,477942.06,0
837,358.9912353,1.6299849,0,179629.84
860,272.112808,1.6754789,664151.3,3355513.2
863,210.1158157,1.6883646,0,198290.89
871,182.0812552,1.6902337,62844.19,336454.75
872,296.1340615,1.6902337,26626.766,109656.234
894,358.9913817,1.7202775,0,151107.42
916,268.1040449,1.7495573,0,648749.56
925,219.9725661,1.7585576,1587060,0
929,271.9440748,1.7585576,384518.12,0
936,215.1026897,1.7687147,11990.5205,54915.297
940,223.1076239,1.7788718,0,248279.05
955,210.1157161,1.8056662,20210.018,167900.66
965,230.1022974,1.8351455,91256.51,510835.62
967,178.9460465,1.8445604,0,962153.75
1009,284.0990136,1.9002922,23388.336,561489.5
1028,223.0636863,1.9193006,1836706.6,0
1036,297.0825723,1.9193006,405499.2,0
1041,198.0761688,1.9298763,20449.84,209160.38
1042,226.1186138,1.9298763,23661.945,70563.86
1070,435.1973732,1.9672261,9834.126,81107.91
1134,227.1502181,2.045794,29576.469,82510.305
1143,160.1079686,2.0693772,0,42762.996
1165,290.1347327,2.0814695,84151.94,0
1168,230.102297,2.0901842,14756.272,170862.14
1214,198.0872758,2.137148,0,62944.633
1253,399.1758461,2.1666958,0,63573.715
1270,213.1346007,2.1962392,0,52598.89
1276,254.1610491,2.1962392,0,40343.47
1294,273.1445481,2.222825,9935.207,115871.195
1339,224.0774532,2.2587554,0,83175.83
1357,180.1020161,2.28993,0,65128.164
1364,219.9725945,2.28993,0,3805282
1385,232.0816077,2.3022604,26149.598,249275.12
1386,376.1602236,2.3022604,18907.309,154092.81
1393,191.9776718,2.3194966,0,1429823.5
1409,282.1198813,2.3194966,0,243474.7
1443,356.1197314,2.3491585,0,47200.227
1457,229.1183237,2.3875234,0,38931.824
1463,300.1442097,2.3875234,0,97371.586
1468,199.1078051,2.4151204,50584.504,458325.28
1493,193.0973234,2.451203,0,160405.88
1524,223.1078735,2.4836903,0,48939.133
1577,212.0917539,2.5513365,0,403803.62
1583,240.1230051,2.5513365,0,188960.02
1602,166.0863672,2.5806522,44828.316,446323.62
1611,224.0917065,2.5809596,0,79669.84
1633,228.0866917,2.6105146,8651.526,161207.33
1682,421.1340878,2.6489897,21496.684,190868.48
1725,392.1549268,2.7172384,0,41187.797
1726,196.0970114,2.7173648,13682.277,114441.21
1744,384.1149369,2.746937,0,87195.67
1767,267.1339806,2.776633,0,186668.48
1781,480.1715519,2.776633,0,205585.8
1809,421.1339358,2.8135843,0,69426.75
1819,234.0972237,2.84328,0,65962.45
1823,298.0922907,2.84328,0,168327.11
1868,171.0288547,2.911222,0,47786.566
1895,213.1235058,2.940506,11713.854,121793.016
1902,194.1177641,2.940815,0,76971.48
1918,215.0009886,2.9748595,0,77828.61
1940,245.1609093,3.00457,0,36701.836
1952,216.0867921,3.0260909,13392.539,150320.66
1954,210.1125964,3.0419185,0,82570.016
2005,480.1716377,3.1016521,0,73083.7
2014,270.1915836,3.1356394,0,38757.6
2066,211.0236027,3.2613854,0,733346.1
2087,373.0762324,3.2613854,0,328389.2
2089,519.1343547,3.2613854,0,2298253.2
2090,536.1607888,3.2613854,0,264086.66
2117,791.1670872,3.328075,0,68874
2130,327.9936876,3.3578432,0,63584.54
2135,291.0063725,3.3674252,22250.896,55911.445
2145,1217.283384,3.394719,0,327949.8
2150,234.0972282,3.424401,0,48516.402
2186,636.1041557,3.4928238,0,144355.75
2187,1071.224865,3.4928238,0,127444.25
2188,1217.282802,3.4928238,0,1115643.5
2200,267.1451757,3.5223637,0,73847.43
2210,300.2018223,3.5796962,31913.63,67337.65
2212,210.1125603,3.589008,0,104563.92
2214,235.1442333,3.589008,0,56241.992
2231,265.1434532,3.621454,0,71396.22
2236,462.233663,3.621454,0,72171.39
2252,795.1613147,3.6513617,0,23523.9
2256,207.1017297,3.681373,0,21974.182
2277,660.1771661,3.7155404,0,47788.18
2278,433.1340961,3.7393007,9752.641,126048.56
2279,190.0500119,3.7453322,0,30240.246
2289,1127.272988,3.7453322,0,60975.758
2293,210.1125252,3.775136,0,181292.03
2302,810.245222,3.801659,81926.64,0
2316,253.16578,3.843577,0,37565.38
2327,265.1545916,3.8821368,0,74756.98
2332,433.1340482,3.8892164,19496.828,319462.3
2334,565.1765424,3.896296,50096.785,0
2346,1217.282774,3.9117014,0,326628.28
2348,810.245288,3.9263656,31473.154,0
2372,248.1127625,4.000197,18827.973,170369.25
2385,433.1338622,4.014946,202968.2,1905415.2
2399,333.0239989,4.074934,0,196755.52
2404,641.1344314,4.074934,0,30786.178
2407,738.2239781,4.0919642,29979.883,0
2417,756.1987525,4.1047153,0,63666.207
2421,810.2451009,4.1261234,162254.95,0
2429,224.1281509,4.168787,0,65309.457
2431,385.207996,4.168787,0,1289990.2
2432,726.2242996,4.168787,0,84982.39
2433,779.1665414,4.168787,0,78941.98
2443,252.0866972,4.2070594,0,37604.684
2452,1365.357874,4.2070594,0,71613.25
2463,420.1861645,4.2365956,0,72563.39
2465,738.2237813,4.2365956,0,1950680
2471,425.5773745,4.2544265,71847.82,0
2475,755.2021435,4.2544265,962629.56,0
2477,388.2537845,4.2602572,52717.29,48492.742
2487,744.1979219,4.266088,0,73908.45
2491,808.2291318,4.288413,57985.965,0
2510,637.1119648,4.325395,0,78418.336
2511,645.1656206,4.325395,0,111256.32
2518,1219.298497,4.325395,0,820127.5
2538,887.2814178,4.355015,0,48395.355
2545,399.2236935,4.390976,0,51304.785
2548,752.2392037,4.3998604,28943.625,84249.31
2551,244.096678,4.4205346,0,65173.363
2567,425.5772424,4.4447064,117240.414,0
2570,719.1807373,4.4447064,146200.72,0
2571,737.1914063,4.4447064,570511.1,0
2572,755.2020651,4.4447064,1840909,0
2581,231.1126874,4.450156,0,160517.5
2589,695.1814996,4.477393,40896.363,0
2592,1219.299336,4.478511,20139.863,1521431.8
2600,637.1120501,4.479628,0,173575.1
2602,772.191549,4.479628,0,111753.75
2603,1073.240363,4.479628,0,138396.11
2617,194.0812307,4.5421553,0,106861.734
2619,251.1024604,4.5421553,0,73672.66
2623,432.2802771,4.5433183,51230.37,38774.12
2632,248.1126356,4.5730076,14991.306,123704.83
2633,824.260005,4.5743084,18435.602,0
2642,627.1552576,4.6024523,5966.817,187070.75
2646,737.191581,4.6036873,358628.75,0
2647,755.2022261,4.6036873,906810.4,0
2653,680.2181832,4.638818,23980.408,307963.03
2659,344.1337734,4.6685877,7759.9053,54424.312
2660,752.2401838,4.6685877,24773.963,248655.97
2673,1219.298396,4.6692123,0,836576.6
2681,248.1125968,4.6992426,10056.019,89403.69
2682,683.1811287,4.6992426,1235633.6,260483.83
2687,665.1706188,4.699768,83708.18,0
2688,769.2179556,4.699768,53607.7,0
2699,637.1117051,4.7280645,0,128690.25
2703,757.2178628,4.7280645,0,937763.44
2706,1073.240322,4.7280645,0,69845.23
2721,737.1918002,4.7635508,93936.7,0
2732,1233.313676,4.7958627,0,265850.9
2736,665.1704825,4.798713,227219.11,53633.22
2737,683.1808928,4.798713,5047169.5,1172984
2743,389.5666737,4.8015637,157183.81,0
2750,753.1863069,4.8015637,689358.06,0
2770,609.144764,4.854903,0,413522.2
2774,258.1122821,4.8888564,0,50691.223
2779,357.0599029,4.891549,81666.36,15366.404
2781,683.1810696,4.891549,4519274.5,903443.2
2788,537.1231541,4.894242,49786.867,0
2789,665.170363,4.894242,340028.88,0
2799,252.0863651,4.9181933,0,59514.89
2804,623.160361,4.9181933,0,207692.22
2805,757.2182543,4.9181933,0,139696.73
2807,641.1705051,4.920844,135678.83,391958.8
2819,381.0270626,4.95059,0,821730.7
2821,689.1375623,4.95059,0,1570494
2832,317.0289251,4.98182,0,389821.34
2835,625.1390559,4.98182,0,208567.28
2845,609.1447771,5.0113897,0,114248.016
2848,656.1468601,5.0113897,0,142388.45
2856,424.5695572,5.018608,70532.53,0
2857,735.1761331,5.018608,310632.03,0
2858,753.1867406,5.018608,951560.5,0
2860,194.0812211,5.0491366,0,111680.46
2872,212.0916948,5.0532436,20570.639,167030.52
2875,769.2185209,5.0573506,88958.42,0
2891,227.1277549,5.098045,16199.292,126426.53
2898,223.1551943,5.138044,0,965481.7
2909,753.1857512,5.151972,99252.39,0
2910,755.2018135,5.151972,105132.74,0
2911,743.2024304,5.159665,284598.38,2180793.5
2915,303.0496484,5.167359,0,186839.58
2919,595.1650958,5.167359,0,154074.3
2921,771.2333646,5.167359,0,480523.88
2923,667.1867476,5.181788,142460.17,0
2933,463.0868275,5.2326546,0,316210.66
2936,609.1445761,5.2326546,0,1359383.2
2937,737.1553697,5.2326546,0,69603.25
2945,625.1768017,5.262709,0,75765.54
2949,697.1975272,5.2865453,456349.2,97462.81
2969,667.1868443,5.310336,131899.56,0
2976,678.203029,5.3228674,0,52245.26
2977,270.0972431,5.331751,9852.197,56194.26
2979,190.0713608,5.4069595,2179071.2,0
2983,697.1966106,5.4069595,334518.9,0
2997,303.0494226,5.4264402,725247.2,3750954.2
2998,449.1076848,5.4264402,29391.645,177485.84
2999,465.1021929,5.4264402,305468.75,1645118.6
3000,611.1597658,5.4264402,1.35E+07,6.11E+07
3009,1221.311671,5.4457026,0,720935.4
3012,353.5563553,5.457033,123746.89,136419
3017,767.2020936,5.500223,117986.09,0
3020,373.0547352,5.5327864,63977.633,0
3022,388.5588928,5.5327864,95250.875,0
3023,535.1075728,5.5327864,74893.64,0
3024,681.1652167,5.5327864,2577507.8,0
3049,865.203408,5.6194887,10965.654,71798.52
3050,757.2185861,5.636074,30442.867,0
3060,578.1869334,5.641974,0,129650.805
3069,453.3436679,5.669156,62454.18,48180.45
3070,484.3860006,5.669156,31654.01,20672.258
3071,167.0554252,5.6694174,1049754.9,189162
3072,165.0547309,5.6719007,0,96287.7
3078,190.0713432,5.7050138,0,1872160.6
3084,303.0498333,5.720377,12603.521,238490.67
3085,465.1028268,5.720377,76478.45,1374526.8
3092,1219.298457,5.734579,0,123440.266
3096,683.1811961,5.7357407,117055.89,0
3108,309.0965707,5.8339906,0,79318.78
3109,435.1284195,5.8339906,0,137360.28
3111,681.1654543,5.83455,895780.5,291225.38
3114,373.054846,5.835109,107038.086,0
3115,535.1078394,5.835109,49556.332,0
3117,287.0546229,5.8676057,0,689138.2
3119,449.1071374,5.8676057,0,362752.72
3120,595.1650615,5.8680134,692692.9,1.03E+07
3130,579.1700416,5.963583,0,269975.94
3138,317.065105,5.9673967,66799.016,1001733
3139,479.1178523,5.9673967,31482.834,441114.2
3140,625.1755634,5.9673967,1353121,1.74E+07
3141,683.1818546,5.9673967,246653.66,21897.006
3150,793.1819254,6.022066,0,177933.78
3152,695.1812945,6.03592,304155.28,0
3153,435.1283537,6.045516,77892.16,589826.8
3160,567.1708759,6.0851803,0,110173
3163,463.1233149,6.1079283,31939.172,163101.8
3167,449.1076142,6.1147876,0,1002819.56
3168,466.1342731,6.1147876,0,169499.98
3172,683.1813732,6.125184,215073.58,47905.82
3178,665.1712199,6.166077,24897.281,0
3189,476.2130344,6.242293,0,106618.18
3199,463.0864174,6.271851,0,1438193.8
3202,609.1452421,6.305383,23884.893,0
3203,695.1815333,6.306692,105523.516,46579.668
3214,433.1126986,6.3375626,0,245347.47
3216,579.1704884,6.3375626,0,172229.45
3224,435.1284288,6.4364204,266083.66,2338772.2
3226,301.0706108,6.4370556,0,89030.875
3227,309.0965145,6.4370556,0,72035.27
3231,457.1102085,6.4370556,0,70563.47
3233,466.1706457,6.4370556,0,226017.77
3235,480.1506391,6.4370556,0,55942.41
3241,579.1707498,6.4710827,0,82230.38
3244,697.1977046,6.505431,15928.796,0
3250,453.1384861,6.5310755,0,506937.5
3251,601.1521284,6.5310755,0,179841.9
3253,617.1259947,6.5310755,0,141332.02
3255,579.1704333,6.5353603,396180.03,3428049
3262,610.2123642,6.564788,0,695613.75
3263,636.3383566,6.564788,0,295561.25
3272,449.10794,6.632236,0,75392.6
3273,463.0872111,6.632236,0,47407.082
3275,533.3408316,6.6394434,54874.234,0
3297,601.1522701,6.6921215,0,137909.64
3298,610.212619,6.6921215,0,431928.56
3299,617.1261587,6.6921215,0,104209.9
3307,579.1704392,6.700319,358213.06,4021209.8
3314,1019.328951,6.7272196,0,84472.75
3318,449.1079503,6.7574,0,133466.2
3321,1049.340382,6.7574,0,99769.516
3332,309.2061479,6.8006225,7691.9956,78529.42
3336,362.2535741,6.831211,9536.271,78735
3343,601.1519601,6.896063,0,142308.9
3345,617.1261594,6.896063,0,100423.38
3349,579.1703317,6.899485,679523.5,7910499
3355,650.3546846,6.929229,35306.312,417589.5
3367,251.1852537,7.0512853,30913.832,127243.26
3374,268.2119839,7.066431,31413.225,131559.7
3377,315.0863798,7.0908337,0,168811.22
3383,288.1808823,7.130201,0,22656.832
3388,895.1937676,7.160728,0,19237.078
3392,759.1773729,7.1913867,0,23230.852
3396,463.1236366,7.229995,0,129990.35
3399,488.2126508,7.259699,0,211226.44
3402,381.1806159,7.2848244,586251.06,2710404.5
3406,403.1627484,7.2979236,0,48456.574
3412,366.191216,7.3344293,34544.07,37138.438
3413,380.2069425,7.3344293,18918.834,31644.203
3438,177.0561791,7.426602,19192.734,91489.29
3439,411.1910432,7.426602,1457112.1,6428318
3440,433.1729534,7.426602,52669.32,57368.914
3442,456.2491327,7.426602,50070.598,67985.086
3452,301.0706608,7.519833,0,48126.867
3455,525.173462,7.519833,0,83682.47
3456,1049.339785,7.519833,0,166779.11
3460,289.0907463,7.5573387,0,43511.97
3467,177.0564056,7.560073,22082.645,99669.516
3468,441.2016602,7.560073,1154289.4,5084365.5
3472,463.1836372,7.57481,35850.582,47379.76
3473,486.2596729,7.57481,41136.996,60959.914
3482,349.1645728,7.721014,31201.34,29333.504
3484,380.2068639,7.721014,17259.002,24303.832
3496,285.0759408,7.792282,0,203818.3
3503,277.0346263,7.853278,0,21741.453
3517,394.2223863,7.9123707,11563.061,0
3524,308.2219326,7.952175,32277.533,286072.4
3525,336.1228304,7.952175,18300.127,42816.555
3527,285.0759039,7.9617677,0,40869.77
3530,959.5213877,7.9617677,0,63844.844
3537,668.3292438,7.9922347,0,22038.68
3548,227.1280026,8.161933,0,20286.691
3549,258.1700109,8.161933,0,20118.082
3561,584.2756744,8.236061,44719.82,345870.44
3565,813.4624814,8.261196,0,34128.617
3586,374.2535549,8.329052,0,128111.734
3601,423.3619279,8.332411,8427.591,82623.87
3602,960.5524245,8.332411,33114.406,324293.1
3605,307.6464292,8.358824,0,33312.266
3608,614.2859788,8.364602,58888.727,470267.72
3625,346.2586467,8.431179,26658.754,224802.58
3633,684.323412,8.456934,0,55031.41
3635,644.2964487,8.465375,79219.91,518986.03
3636,293.2110427,8.465611,12987.665,110415.6
3640,260.185682,8.486808,0,46383.734
3676,346.2586002,8.5591755,28318.062,306074.75
3677,360.2741618,8.5591755,4753.272,114790.64
3679,674.3069697,8.564207,59892.07,0
3686,684.3232365,8.584036,0,48239.402
3699,814.4948555,8.633422,27856.193,0
3715,346.2587826,8.741433,0,55095.29
3737,971.4849791,8.836514,0,53183.094
3738,226.1800825,8.861303,19668.395,48503.43
3739,244.1907057,8.861303,30640.03,77898.25
3742,271.0600652,8.90326,0,98443.96
3749,682.308062,8.90326,0,42544.523
3757,666.3130573,8.938593,19106.436,183108
3781,698.3390594,8.967128,0,58429.016
3783,295.2267592,8.971785,24668.477,216814.58
3785,348.2742255,8.971785,73487.61,643132.75
3786,362.2897135,8.971785,10306.805,195087.72
3805,301.0706447,9.026495,0,87451.74
3807,825.4265349,9.026495,0,61500.777
3816,348.2742568,9.093088,0,165327.08
3818,362.2898988,9.093088,0,40859.027
3827,301.0706157,9.099375,25353.512,215809.06
3829,293.2110862,9.114239,10392.841,115407.55
3830,439.356959,9.114239,8833.116,76780.664
3844,958.5369165,9.122816,0,180330.2
3861,716.2924199,9.182819,0,49390.58
3863,249.1848139,9.189404,7581.548,75461.21
3864,267.1952967,9.207342,5077.1807,50501.17
3866,303.2165103,9.207342,4563.3145,45155.652
3895,972.515715,9.2483225,0,254898.38
3909,309.20585,9.287676,25881.979,286087.94
3917,453.336715,9.342775,0,11860.858
3920,235.1692289,9.375293,0,52271.89
3931,253.2159971,9.42738,15952.713,214620.47
3932,271.226747,9.42738,17673.525,243789.97
3933,289.2373217,9.42738,17312.89,197660.7
3936,235.2054822,9.434844,0,51752.5
3940,320.279345,9.434844,0,63214.656
3964,365.2322823,9.499099,0,42915.793
3970,650.3184871,9.524046,10640.056,107830.375
3991,453.3360935,9.591279,0,39973.78
3994,826.4577724,9.591279,0,92307.4
3997,563.2501127,9.600231,5448.9453,70285.47
3998,680.3288039,9.600231,76326.234,769376.7
4016,295.2268262,9.653147,0,73248.35
4021,650.3181165,9.678772,65916.234,693433.75
4023,283.0600561,9.68272,0,38504.28
4034,195.1379512,9.714765,0,72609.4
4035,213.1484745,9.714765,0,53031.418
4041,275.2005888,9.742079,9093.565,83076.42
4042,342.263859,9.742079,3740.9639,57739.297
4057,275.2005384,9.808983,8631.798,79667.99
4059,348.2742106,9.808983,4392.3193,43783.176
4078,287.2215019,9.841373,0,113192.05
4079,318.2636103,9.841373,0,88031.41
4082,181.1222597,9.877107,24156.32,225723.12
4114,291.1953096,9.973108,0,29814.613
4115,299.0913372,9.973108,0,71254.01
4131,228.1957046,10.014315,68770.53,376055.8
4132,293.2108928,10.014315,9129.91,83019.42
4140,423.3613896,10.065317,37907.996,287854.4
4141,441.3722104,10.065317,42181.54,298695.38
4144,635.4146369,10.065317,22947.582,175275.45
4158,343.2950279,10.0948105,186209.14,296553
4172,797.4668294,10.095703,0,186300.05
4173,925.5143382,10.095703,0,130373.266
4180,943.525383,10.128307,938512.25,6724831
4194,757.3187203,10.158115,15839.42,176960.31
4196,684.3023785,10.158923,0,101220.89
4200,621.3281754,10.188107,7264.4717,84383.016
4201,664.3342591,10.188107,9330.938,117238.46
4206,1013.531433,10.188832,0,252622.34
4208,291.1953174,10.225754,0,38749.81
4212,423.3618036,10.255869,0,23643.176
4232,757.318795,10.285797,0,55192.883
4243,340.2477984,10.345317,0,71008.01
4251,291.1953437,10.34885,31490.572,389624.28
4252,309.2058007,10.34885,43009.496,410166.12
4267,664.3337789,10.381559,45563.105,510757.5
4270,288.2894784,10.411449,23124.86,26251.428
4276,441.3718497,10.439782,0,183559.75
4284,635.4145049,10.441081,31231.877,230415.61
4285,666.3124145,10.441081,252906.95,2119365.2
4286,784.4832722,10.44238,40464.164,0
4294,352.2508605,10.477019,362295.9,302150.22
4323,407.3663552,10.506222,168096.2,811125.6
4324,425.3767576,10.506222,203129.66,1018899.56
4331,797.4669107,10.506222,2135129,1.15E+07
4332,867.4725451,10.506222,34720.76,365194.06
4334,944.5563495,10.506222,907541.9,1767738.2
4338,446.7101558,10.522253,29199.098,84655.01
4346,599.3933209,10.538446,14717.265,95869.484
4347,779.4559605,10.538446,32722.102,169505.19
4368,697.3546039,10.593012,0,191236
4372,927.5310581,10.593012,0,66901.86
4378,425.3771566,10.59754,41427.17,269489.06
4379,666.3125492,10.59754,72482.74,887632
4380,944.5570843,10.59754,178591.55,932279.44
4398,295.1901796,10.689031,0,175963.98
4399,313.2005393,10.689031,0,57553.527
4401,344.2428069,10.689031,0,159718.42
4406,277.1797669,10.696268,11816.552,152060.92
4409,941.5105174,10.715515,39866.47,347021.16
4424,731.339461,10.757341,0,58738.465
4427,700.2974436,10.762711,73315.516,711629.8
4450,635.3437256,10.891909,11114.096,112156.57
4457,700.2975898,10.936785,21061.604,259099.8
4464,731.3391562,10.946129,0,66098.43
4466,900.5311595,10.946129,0,136493.69
4484,711.3706841,10.982533,0,144660.44
4491,407.3668466,10.984974,28870.28,320099.06
4492,495.3831878,10.984974,17773.873,249469.78
4493,680.3286308,10.984974,261196.72,2725901.5
4494,868.5049209,10.984974,34169.17,380083.84
4501,277.2160925,11.046341,0,69198.375
4504,313.2370318,11.046341,0,58319.19
4549,339.0916663,11.10828,37296.83,169710.45
4554,407.3665413,11.10828,149727.89,641012
4555,425.3770036,11.10828,237351.48,930081.25
4558,795.4518142,11.10828,90698.86,717222.1
4559,798.4988242,11.10828,1297515.9,3623072.8
4561,812.5143003,11.10828,74442.055,147328.39
4567,942.5413936,11.125077,44092.836,208395.3
4578,293.2107692,11.139914,16152.991,152954.42
4590,407.3666421,11.169519,107212.19,516483.1
4591,425.377113,11.169519,134720.2,629899.06
4592,914.5460466,11.169519,81421.04,412527.28
4615,313.2370555,11.234113,22614.297,228179.14
4616,680.3284713,11.234113,64426.164,794210.94
4617,711.3705706,11.234113,5970.375,119788.96
4620,285.0757514,11.263457,0,206245.38
4634,230.2478064,11.30299,98349.48,150343.33
4651,277.216293,11.363022,15015.232,153346.88
4655,330.263766,11.363022,13372.903,125674.11
4656,344.2794958,11.363022,7807.347,84269.36
4669,315.0862439,11.492101,18834.547,101633.93
4676,458.3112623,11.560558,0,37513.008
4685,334.2951717,11.590706,0,38192.465
4689,285.2425267,11.604899,7588.373,48313.094
4709,423.3618275,11.718733,42066.03,297381.8
4710,441.3726018,11.718733,10595.076,86404.52
4711,796.4838393,11.718733,65892.08,469130.9
4723,362.2896289,11.748601,6892.8174,64851.28
4726,331.2475594,11.753598,0,53318.32
4736,680.3288464,11.798667,6804.8525,71301.41
4754,237.1847592,11.828596,9027.652,90289.33
4757,297.242646,11.851087,0,40304.32
4771,478.2930919,11.851087,0,89508.445
4773,659.2713764,11.881294,0,30824.705
4777,330.2273407,11.906588,40018.855,39881.125
4783,680.3287834,11.941618,0,40661.45
4790,297.242434,11.978353,0,74868.65
4791,315.2529452,11.978353,0,107312.125
4798,407.366924,12.036168,34096.74,114775.484
4799,425.3774463,12.036168,45109.87,161953.8
4808,768.4888738,12.046012,0,58163.605
4817,283.0964935,12.106153,0,173862.83
4825,332.2793937,12.144996,0,84884.02
4836,297.2061305,12.174838,0,113602.97
4838,328.2480884,12.174838,0,125886.086
4847,279.1954695,12.181336,6997.8853,69980.836
4849,435.274162,12.204926,0,42790.1
4864,694.3443571,12.309674,8077.701,108077.91
4868,414.336643,12.339769,20027.842,115746.984
4897,305.2110458,12.528621,0,44789.38
4899,323.2216267,12.528621,0,95812.305
4906,694.3449306,12.567494,0,47368.78
4917,258.2062286,12.632466,17758.15,18636.004
4944,287.2216576,12.854902,0,57395.547
4950,520.3399546,12.854902,0,72718.02
4952,428.3523053,12.888878,18452.496,76306.1
4955,277.2162507,12.893489,0,327127.1
4970,223.111528,12.953545,0,24049.127
4976,259.2053943,12.983115,0,36257.26
4989,277.2161025,13.010633,260827.12,2197282.8
4994,299.2578463,13.012687,0,26552.414
5002,295.1902924,13.049514,0,45839.777
5003,326.2322677,13.049514,0,69337.11
5017,304.2997307,13.109531,0,102574.42
5029,277.2161547,13.121412,108480.56,1017131.9
5037,636.446831,13.173719,0,92020.03
5039,439.356956,13.183539,25020.795,169874.1
5050,277.2163744,13.300808,0,37278.39
5052,308.2218829,13.300808,0,49247.184
5055,293.2111541,13.325619,3319.029,52623.75
5061,369.2634225,13.330852,0,34164.605
5068,211.1116839,13.398125,0,20491.729
5075,258.2427291,13.436699,36262.965,32497.998
5080,496.339994,13.4719925,26796.164,77227.09
5087,293.2111297,13.497277,0,149330.69
5107,299.0340347,13.569228,31020.303,0
5110,279.2319801,13.59787,7046.382,73018.22
5114,293.211049,13.629126,9686.661,81916.16
5115,358.2589328,13.629126,37075.44,34494.83
5121,358.2945155,13.65917,5273.0903,33550.773
5128,279.2318932,13.724804,46949.53,504032.62
5135,293.2109608,13.754726,7566.418,97583.28
5142,204.1382869,13.816399,20254.293,0
5158,386.151177,13.853245,0,68956.836
5163,327.0777904,13.865736,343515.16,358263.8
5165,358.1198605,13.865736,157512.5,170041.1
5167,279.2317505,13.881824,275289.06,2438047
5177,374.1769746,13.88542,0,19255.48
5202,279.2319337,14.103615,18604.871,198618.08
5215,281.2475399,14.168616,19385.79,134908.25
5216,299.258051,14.168616,13618.546,98334.836
5223,380.2794539,14.234907,0,30131.305
5231,277.2162808,14.276537,11503.523,117095.55
5232,295.2267646,14.276537,47419.242,403311.2
5243,295.2267391,14.3855915,90593.08,772771
5246,326.2688285,14.390832,0,31466.336
5266,277.2162338,14.464098,10572.123,97130.51
5267,295.2267323,14.464098,39374.29,434544.66
5269,326.2686855,14.464098,11017.313,91481.586
5277,219.174262,14.509016,57664.797,56136.57
5279,284.3312234,14.515537,0,90598.04
5289,259.1904357,14.602484,37080.3,42073.34
5297,277.2161018,14.642155,0,167544.8
5308,295.2266599,14.649517,94479.71,906749.7
5309,326.2687217,14.649517,24921.479,214957.3
5315,611.2861253,14.649517,36131.707,273130.1
5325,364.2842222,14.671801,0,125921.49
5343,342.336525,14.756832,27990.371,53929.184
5349,624.4985751,14.828193,0,87381.34
5352,385.3785985,14.851593,56830.22,54771.074
5356,279.1591937,14.9197,0,24741.086
5364,369.3837589,14.963276,231358.25,227827.61
5367,350.2687162,14.981952,0,82522.3
5368,625.2653908,14.981952,0,70042.266
5372,336.3105324,15.008149,52875.062,75811.39
5379,279.1591388,15.041523,77418.09,90756.87
5385,297.2424398,15.135291,26160.678,103887.95
5391,279.2319285,15.19737,6217.3994,48325.605
5402,665.296409,15.253513,44411.426,0
5403,291.2317298,15.258751,40123.1,177563.64
5406,372.2741899,15.291973,8452.227,57669.81
5414,291.2317011,15.378035,39385.207,0
5426,324.2895701,15.477652,15586.995,49058.715
5427,353.2686002,15.477652,20146.406,58530.797
5443,366.3001844,15.611617,0,99402.12
5444,397.3423291,15.611617,0,24728.873
5455,312.3622177,15.683543,357608.62,0
5470,376.2844805,15.739872,10822.284,107070.4
5482,279.2319138,15.795271,0,24804.926
5508,378.3000474,15.888228,0,166714.1
5510,207.0174734,15.901745,556972.6,0
5515,403.2323493,15.9098015,127155.62,272754.78
5518,434.2746034,15.9098015,90051.22,193267.78
5521,199.1692947,15.917858,0,79737.34
5554,315.1741311,16.031895,40670.34,140715.38
5562,293.2473017,16.06659,25451.916,193122.81
5592,426.2998318,16.284538,0,33522.688
5602,639.2445161,16.314255,0,250210.86
5607,342.299912,16.343948,0,90860.11
5609,392.3154248,16.343948,0,146513.58
5640,279.2317078,16.439041,121829.97,1314977.2
5641,335.1511223,16.453724,32207.012,321929.1
5653,227.1388678,16.465277,0,372918.25
5682,309.2421698,16.61728,8423.789,55834.86
5691,378.3001351,16.651236,0,72946.375
5704,309.2421929,16.745813,0,44695.023
5706,380.3156725,16.745813,0,66819.24
5719,398.2323386,16.843855,82535.84,286517.12
5729,256.2633014,16.933187,0,47963.043
5741,425.4462223,16.993067,152540.31,217537.53
5819,291.1951908,17.213406,34485.656,0
5834,625.301663,17.217968,0,47419.98
5852,368.4247937,17.26011,254363.4,254091.22
5877,568.191565,17.277214,0,378238.84
5906,292.1766695,17.306778,0,453240.66
5931,169.1335163,17.336178,0,2865090.2
5969,206.1288282,17.336178,0,851257.2
5979,219.1239918,17.336178,0,319141.94
5984,227.1389029,17.336178,0,693510.8
5988,240.1704696,17.336178,0,790768.5
5991,264.218256,17.336178,0,1161748.9
5996,281.2474109,17.336178,0,63108.293
6031,175.0978214,17.337952,360205.62,961498.9
6044,207.0174701,17.369654,705270.25,1483504.2
6056,346.2947283,17.398668,52983.793,0
6061,315.2527936,17.39921,110336.61,113373.914
6096,226.0119323,17.432316,1013858.44,1624298.4
6100,169.1334988,17.46429,2238553.2,0
6121,356.3156683,17.465961,0,54373.688
6189,647.2470483,17.558783,0,55796.156
6200,568.1913413,17.559425,474795.3,199402.34
6204,625.2649,17.559425,171161.47,2071941.6
6318,422.3835401,17.751022,22176.943,20210.875
6340,235.1915719,17.779724,0,7924786
6361,712.5350826,17.813751,0,14968.897
6399,189.1134323,17.911104,1981356.6,0
6401,235.1915433,17.911104,5730412,0
6470,158.1288101,18.127333,0,7179469.5
6480,183.1492031,18.127333,0,970271.1
6482,187.1440705,18.127333,0,2687295.2
6502,214.15486,18.127333,0,511212.78
6549,912.8008706,18.127333,0,117365.945
6575,208.1444566,18.147886,457693.8,665042.5
6600,178.1338484,18.248852,0,2022979
6604,278.1975675,18.248852,0,467483.9
6640,609.2702257,18.278572,0,144012.36
6765,639.2807144,18.776115,0,62376.49
6770,535.2700422,18.802643,63629.95,288505.56
6778,565.2442679,18.870195,0,42872.45
6812,888.8004592,19.05806,381368.22,348834.34
6813,912.8006393,19.05806,769396.7,576411.7
6816,576.4985313,19.0605,32366.904,0
6834,598.5766482,19.110388,83065.65,89859.21
6847,566.4773455,19.189308,6225.0356,15281.406
6857,391.2837139,19.256666,0,100461.49
6899,892.7358715,19.589884,50296.906,112621.65
6907,338.34115,19.72254,121679.98,152187.7
6921,488.3943272,19.91901,40082.39,37273.055
