structurePerIdRank,formulaRank,ConfidenceScoreExact,ConfidenceScoreApproximate,CSI:FingerIDScore,ZodiacScore,SiriusScore,molecularFormula,adduct,precursorFormula,InChIkey2D,InChI,name,smiles,xlogp,pubchemids,links,dbflags,ionMass,retentionTimeInSeconds,retentionTimeInMinutes,formulaId,alignedFeatureId,mappingFeatureId,overallFeatureQuality
1,5,0.050,0.050,-196.351,,27.172,C20H22O14,[M + CH4O + H]+,C21H27O15+,YOOYVSWGXMBKFR,"InChI=1S/C20H22O14/c21-5-13(26)17(30)18(34-20(32)8-3-11(24)16(29)12(25)4-8)14(27)6-33-19(31)7-1-9(22)15(28)10(23)2-7/h1-4,13-14,17-18,21-30H,5-6H2","2,4,5,6-tetrahydroxy-1-(3,4,5-trihydroxybenzoyloxy)hexan-3-yl 3,4,5-trihydroxybenzoate",C1=C(C=C(C(=C1O)O)O)C(=O)OCC(C(C(C(CO)O)O)OC(=O)C2=CC(=C(C(=C2)O)O)O)O,-1.300,162817581;162817582,COCONUT:(CNP0075520);SUPERNATURAL:(SN0456093);PUBCHEM:(162817581 162817582);LOTUS:(Q105351441),271581186,519.134,196,3.261,658893410041082288,658892999104139802,2089,
1,7,0.212,0.245,-147.710,,12.175,C31H36O18,[M + C2H3N + H]+,C33H40NO18+,IXOTVRNTGYHCKB,"InChI=1S/C31H36O18/c1-11(33)44-10-19-22(36)25(39)26(40)30(48-19)46-15-5-4-12(6-16(15)43-3)28-29(49-31-27(41)24(38)21(35)18(9-32)47-31)23(37)20-14(34)7-13(42-2)8-17(20)45-28/h4-8,18-19,21-22,24-27,30-32,34-36,38-41H,9-10H2,1-3H3","{3,4,5-trihydroxy-6-[4-(5-hydroxy-7-methoxy-4-oxo-3-{[3,4,5-trihydroxy-6-(hydroxymethyl)oxan-2-yl]oxy}-4H-chromen-2-yl)-2-methoxyphenoxy]oxan-2-yl}methyl acetate",CC(=O)OCC1C(C(C(C(O1)OC2=C(C=C(C=C2)C3=C(C(=O)C4=C(C=C(C=C4O3)OC)O)OC5C(C(C(C(O5)CO)O)O)O)OC)O)O)O,-0.800,71657197;78140768,COCONUT:(CNP0124226);SUPERNATURAL:(SN0158005);PUBCHEM:(71657197 78140768),3145730,738.224,254,4.237,658893414398964549,658892999280300575,2465,
1,4,0.316,0.418,-39.918,,37.368,C27H30O17,[M + H2O + H]+,C27H33O18+,QCIILLDRJZPUDI,"InChI=1S/C27H30O17/c1-7-16(32)20(36)22(38)26(41-7)40-6-14-18(34)21(37)23(39)27(43-14)44-25-19(35)15-10(29)4-9(28)5-13(15)42-24(25)8-2-11(30)17(33)12(31)3-8/h2-5,7,14,16,18,20-23,26-34,36-39H,6H2,1H3","5,7-dihydroxy-3-[(3,4,5-trihydroxy-6-{[(3,4,5-trihydroxy-6-methyloxan-2-yl)oxy]methyl}oxan-2-yl)oxy]-2-(3,4,5-trihydroxyphenyl)-4H-chromen-4-one",CC1C(C(C(C(O1)OCC2C(C(C(C(O2)OC3=C(OC4=CC(=CC(=C4C3=O)O)O)C5=CC(=C(C(=C5)O)O)O)O)O)O)O)O)O,-1.600,21577860;58623540;154497062;162873124;162873125;162873126;100952310;91395647;44259419;44259428;73803273,PUBCHEMANNOTATIONBIO;COCONUT:(CNP0137934);HMDB:(HMDB0040861);CHEBI:(168150);LIPIDMAPS:(LMPK12112413 LMPK12112422);SUPERNATURAL:(SN0301537);FooDB:(FDB020689 FDB021842);PUBCHEM:(21577860 58623540 154497062 162873124 162873125 162873126 100952310 91395647 44259419 44259428 73803273);DSSTox:(DTXSID001336212 DTXSID701103749);LOTUS:(Q105218244 Q105218246 Q105218243 Q105218242 Q14035811 Q104401725 Q105218248);PUBCHEMANNOTATIONDRUG;PUBMED;KNAPSACK:(QCIILLDRJZPUDI-UHFFFAOYSA-N),140445220986,645.166,260,4.325,658893382488695234,658892999347409444,2511,
1,1,0.458,0.707,-32.370,,54.134,C27H30O17,[M + H]+,C27H31O17+,QCIILLDRJZPUDI,"InChI=1S/C27H30O17/c1-7-16(32)20(36)22(38)26(41-7)40-6-14-18(34)21(37)23(39)27(43-14)44-25-19(35)15-10(29)4-9(28)5-13(15)42-24(25)8-2-11(30)17(33)12(31)3-8/h2-5,7,14,16,18,20-23,26-34,36-39H,6H2,1H3","5,7-dihydroxy-3-[(3,4,5-trihydroxy-6-{[(3,4,5-trihydroxy-6-methyloxan-2-yl)oxy]methyl}oxan-2-yl)oxy]-2-(3,4,5-trihydroxyphenyl)-4H-chromen-4-one",CC1C(C(C(C(O1)OCC2C(C(C(C(O2)OC3=C(OC4=CC(=CC(=C4C3=O)O)O)C5=CC(=C(C(=C5)O)O)O)O)O)O)O)O)O,-1.600,21577860;58623540;154497062;162873124;162873125;162873126;100952310;91395647;44259419;44259428;73803273,PUBCHEMANNOTATIONBIO;COCONUT:(CNP0137934);HMDB:(HMDB0040861);CHEBI:(168150);LIPIDMAPS:(LMPK12112413 LMPK12112422);SUPERNATURAL:(SN0301537);FooDB:(FDB020689 FDB021842);PUBCHEM:(21577860 58623540 154497062 162873124 162873125 162873126 100952310 91395647 44259419 44259428 73803273);DSSTox:(DTXSID001336212 DTXSID701103749);LOTUS:(Q105218244 Q105218246 Q105218243 Q105218242 Q14035811 Q104401725 Q105218248);PUBCHEMANNOTATIONDRUG;PUBMED;KNAPSACK:(QCIILLDRJZPUDI-UHFFFAOYSA-N),140445220986,627.155,276,4.602,658893402004795198,658892999401935401,2642,
1,2,0.396,0.524,-66.695,,137.555,C27H30O17,[M - H2O + H]+,C27H29O16+,JRHHAUSYXYDKGJ,"InChI=1S/C27H30O17/c1-7-16(33)21(38)25(44-26-22(39)20(37)18(35)14(6-28)42-26)27(40-7)43-24-19(36)15-10(30)4-9(29)5-13(15)41-23(24)8-2-11(31)17(34)12(32)3-8/h2-5,7,14,16,18,20-22,25-35,37-39H,6H2,1H3",myricetin 3-O-[beta-D-glucosyl-(1->2)-alpha-L-rhamnoside],CC1C(C(C(C(O1)OC2=C(OC3=CC(=CC(=C3C2=O)O)O)C4=CC(=C(C(=C4)O)O)O)OC5C(C(C(C(O5)CO)O)O)O)O)O,-1.100,14034279;138911125;11556359,CHEBI:(145201 144429);PUBCHEM:(14034279 138911125 11556359);PUBCHEMANNOTATIONDRUG,33554466,609.145,291,4.855,658893696612712012,658892999469044270,2770,
1,1,0.310,0.310,-97.738,,48.788,C28H32O17,[M + H]+,C28H33O17+,MLOJYABWNDVJMG,"InChI=1S/C28H32O17/c1-8-16(32)20(36)22(38)27(42-8)41-7-14-17(33)21(37)23(39)28(44-14)45-26-19(35)15-13(6-12(31)25(40-2)18(15)34)43-24(26)9-3-4-10(29)11(30)5-9/h3-6,8,14,16-17,20-23,27-34,36-39H,7H2,1-2H3",Patuletin-3-Robinobioside,CC1C(C(C(C(O1)OCC2C(C(C(C(O2)OC3=C(OC4=C(C3=O)C(=C(C(=C4)O)OC)O)C5=CC(=C(C=C5)O)O)O)O)O)O)O)O,-1.300,74978462;162845678;162845679;162845680;162845681;70696487;44575854;44259777;44259784,PUBCHEMANNOTATIONBIO;COCONUT:(CNP0106812);LIPIDMAPS:(LMPK12112887 LMPK12112894);SUPERNATURAL:(SN0228905);PUBCHEM:(74978462 162845678 162845679 162845680 162845681 70696487 44575854 44259777 44259784);LOTUS:(Q105166863 Q105166864 Q105166872 Q105166869 Q105166877 Q105166867);PUBMED;KNAPSACK:(MLOJYABWNDVJMG-UHFFFAOYSA-N),2435842130,641.171,295,4.921,658893400654229059,658892999523570227,2807,
1,2,0.409,0.521,-61.823,,118.918,C27H30O17,[M - H2O + H]+,C27H29O16+,LUITYVJNCILVDI,"InChI=1S/C27H30O17/c1-7-16(33)20(37)22(39)26(40-7)44-25-21(38)18(35)14(6-28)42-27(25)43-24-19(36)15-10(30)4-9(29)5-13(15)41-23(24)8-2-11(31)17(34)12(32)3-8/h2-5,7,14,16,18,20-22,25-35,37-39H,6H2,1H3",Myricetin 3-Neohesperidoside,CC1C(C(C(C(O1)OC2C(C(C(OC2OC3=C(OC4=CC(=CC(=C4C3=O)O)O)C5=CC(=C(C(=C5)O)O)O)CO)O)O)O)O)O,-1.100,21577859;163036788;73091600;11764551;44259460,PUBCHEMANNOTATIONBIO;COCONUT:(CNP0316639);HMDB:(HMDB0038287);CHEBI:(177981);LIPIDMAPS:(LMPK12112455);SUPERNATURAL:(SN0215654);FooDB:(FDB017613);PUBCHEM:(21577859 163036788 73091600 11764551 44259460);LOTUS:(Q105157468 Q105157467 Q110186234);GNPS:(CCMSLIB00004678839);PUBCHEMANNOTATIONDRUG;KNAPSACK:(LUITYVJNCILVDI-UHFFFAOYSA-N),3006271546,609.145,301,5.011,658893814401351716,658892999594873400,2845,
1,1,0.561,0.708,-21.533,,34.828,C15H10O7,[M + H]+,C15H11O7+,REFJWTPEDVJJIY,"InChI=1S/C15H10O7/c16-7-4-10(19)12-11(5-7)22-15(14(21)13(12)20)6-1-2-8(17)9(18)3-6/h1-5,16-19,21H",Quercetin,C1=CC(=C(C=C1C2=C(C(=O)C3=C(C=C(C=C3O2)O)O)O)O)O,1.367,21600688;5280343;101792073;101792074;162641822;156767820;156767821;156767823;88462991;59574960;130367129;46906036;91069955;12305312;49849859;49849860,PUBCHEMANNOTATIONBIO;HMDB:(HMDB0005794);MiMeDB:(MMDBc0031154);PUBCHEMANNOTATIONSAFETYANDTOXIC;BloodExposome:(5284452 5280343);LIPIDMAPS:(LMPK12110004);SUPERNATURAL:(SN0322960);HSDB:(117-39-5);MESH:(5280343);FooDB:(FDB011904);PUBCHEM:(21600688 5280343 101792073 101792074 162641822 156767820 156767821 156767823 88462991 59574960 130367129 46906036 91069955 12305312 49849859 49849860);GNPS:(CCMSLIB00000077221 CCMSLIB00004684190 CCMSLIB00000077171);COCONUT:(CNP0103504);NORMAN:(NS00001142);METACYC:(2-METHYL-BUTANOYL-DIHYDROLIPOYL-E2 CPD-520 SMA-0000263 SMA-0000266 SMA-0000631);PLANTCYC:(CPD-520);CHEBI:(16243 57694);KEGG:(C00389);DSSTox:(DTXSID4021218 DTXSID9021219);LOTUS:(Q409478);YMDB:(YMDB01777);PUBCHEMANNOTATIONDRUG;PUBCHEMANNOTATIONFOOD;PUBMED;KNAPSACK:(REFJWTPEDVJJIY-UHFFFAOYSA-N),141724949374,303.050,310,5.167,658893375089941005,658892999653593661,2915,
1,1,0.302,0.394,-49.258,,75.211,C27H30O15,[M + H]+,C27H31O15+,OHOBPOYHROOXEI,"InChI=1S/C27H30O15/c1-9-17(32)20(35)22(37)26(38-9)42-25-21(36)18(33)15(8-28)40-27(25)41-24-19(34)16-13(31)6-12(30)7-14(16)39-23(24)10-2-4-11(29)5-3-10/h2-7,9,15,17-18,20-22,25-33,35-37H,8H2,1H3","3-{[4,5-dihydroxy-6-(hydroxymethyl)-3-[(3,4,5-trihydroxy-6-methyloxan-2-yl)oxy]oxan-2-yl]oxy}-5,7-dihydroxy-2-(4-hydroxyphenyl)-4H-chromen-4-one",CC1C(C(C(C(O1)OC2C(C(C(OC2OC3=C(OC4=CC(=CC(=C4C3=O)O)O)C5=CC=C(C=C5)O)CO)O)O)O)O)O,-0.400,154831963;127256226;9985924;5318761;5487339;22524327;125037436;125037437;162948191;162948192;162948193;162948194;162948195;162948196;162948197;162948198;162948199;162948200;162948201;162948202;162948203;162948204;162948205;10008639;44575467;44715501;131801623;131801624;13915496;13915503;139031091;44258741;44258804,PUBCHEMANNOTATIONBIO;HMDB:(HMDB0037573 HMDB0302645);BloodExposome:(5318761);LIPIDMAPS:(LMPK12111668 LMPK12111732);SUPERNATURAL:(SN0265608);MESH:(5318761 5487339);FooDB:(FDB005592 FDB016665);PUBCHEM:(154831963 127256226 9985924 5318761 5487339 22524327 125037436 125037437 162948191 162948192 162948193 162948194 162948195 162948196 162948197 162948198 162948199 162948200 162948201 162948202 162948203 162948204 162948205 10008639 44575467 44715501 131801623 131801624 13915496 13915503 139031091 44258741 44258804);COCONUT:(CNP0218798);CHEBI:(185334);DSSTox:(DTXSID201304657 DTXSID80910916);LOTUS:(Q105192173 Q105192177 Q105192176 Q105192171 Q105192172 Q82880944 Q63398320 Q105192174 Q105192175 Q23069136);PUBCHEMANNOTATIONDRUG;PUBMED;KNAPSACK:(OHOBPOYHROOXEI-UHFFFAOYSA-N),140449415294,595.165,310,5.167,658893380454457060,658892999699731010,2919,
1,2,0.668,0.668,-51.397,,143.508,C21H20O13,[M - H2O + H]+,C21H19O12+,FOHXFLPXBUAOJM,"InChI=1S/C21H20O13/c22-5-12-15(28)17(30)18(31)21(33-12)34-20-16(29)13-8(24)3-7(23)4-11(13)32-19(20)6-1-9(25)14(27)10(26)2-6/h1-4,12,15,17-18,21-28,30-31H,5H2",Isomyricitrin,C1=C(C=C(C(=C1O)O)O)C2=C(C(=O)C3=C(C=C(C=C3O2)O)O)OC4C(C(C(C(O4)CO)O)O)O,0.000,5318606;5491408;53809877;22524304;22841567;124488029;162965836;10299455;10367864;88051302;90683103;138911134;12311099;12311100;133612143;72551438;72551451;44259418;44259426,PUBCHEMANNOTATIONBIO;HMDB:(HMDB0034358 HMDB0303631);MiMeDB:(MMDBc0033689);BloodExposome:(5318606 53809877);LIPIDMAPS:(LMPK12112412 LMPK12112420);SUPERNATURAL:(SN0091134);FooDB:(FDB012723 FDB017001);PUBCHEM:(5318606 5491408 53809877 22524304 22841567 124488029 162965836 10299455 10367864 88051302 90683103 138911134 12311099 12311100 133612143 72551438 72551451 44259418 44259426);GNPS:(CCMSLIB00004678820);COCONUT:(CNP0237115);METACYC:(CPD-14843);PLANTCYC:(CPD-14843);CHEBI:(168023 75823 75817 75815 144444 75813 75821);DSSTox:(DTXSID20941668 DTXSID30166087);LOTUS:(Q104393040 Q104998772 Q27145562 Q27145573 Q27145566 Q104252596 Q27145564 Q104390432);YMDB:(YMDB01755);PUBCHEMANNOTATIONDRUG;PUBMED;KNAPSACK:(FOHXFLPXBUAOJM-UHFFFAOYSA-N),141523359866,463.087,314,5.233,658893557235989137,658892999750062663,2933,
1,2,0.444,0.589,-47.648,,124.192,C27H30O17,[M - H2O + H]+,C27H29O16+,LUITYVJNCILVDI,"InChI=1S/C27H30O17/c1-7-16(33)20(37)22(39)26(40-7)44-25-21(38)18(35)14(6-28)42-27(25)43-24-19(36)15-10(30)4-9(29)5-13(15)41-23(24)8-2-11(31)17(34)12(32)3-8/h2-5,7,14,16,18,20-22,25-35,37-39H,6H2,1H3",Myricetin 3-Neohesperidoside,CC1C(C(C(C(O1)OC2C(C(C(OC2OC3=C(OC4=CC(=CC(=C4C3=O)O)O)C5=CC(=C(C(=C5)O)O)O)CO)O)O)O)O)O,-1.100,21577859;163036788;73091600;11764551;44259460,PUBCHEMANNOTATIONBIO;COCONUT:(CNP0316639);HMDB:(HMDB0038287);CHEBI:(177981);LIPIDMAPS:(LMPK12112455);SUPERNATURAL:(SN0215654);FooDB:(FDB017613);PUBCHEM:(21577859 163036788 73091600 11764551 44259460);LOTUS:(Q105157468 Q105157467 Q110186234);GNPS:(CCMSLIB00004678839);PUBCHEMANNOTATIONDRUG;KNAPSACK:(LUITYVJNCILVDI-UHFFFAOYSA-N),3006271546,609.145,314,5.233,658893687955668362,658892999812977228,2936,
1,1,0.492,0.589,-47.800,,52.597,C28H32O16,[M + H]+,C28H33O16+,QHLKSZBFIJJREC,"InChI=1S/C28H32O16/c1-9-18(33)21(36)23(38)27(40-9)44-26-22(37)19(34)16(8-29)42-28(26)43-25-20(35)17-13(32)6-11(30)7-15(17)41-24(25)10-3-4-12(31)14(5-10)39-2/h3-7,9,16,18-19,21-23,26-34,36-38H,8H2,1-2H3",Calendoflavoside,CC1C(C(C(C(O1)OC2C(C(C(OC2OC3=C(OC4=CC(=CC(=C4C3=O)O)O)C5=CC(=C(C=C5)O)OC)CO)O)O)O)O)O,-0.400,163018620;163018621;163018622;163018623;163018624;5318647;134694145;124201514;145945118;25102194;141643500;131707187;13915237;139031044;11664505;122173258;44258018;44259335;138107448;44473317,PUBCHEMANNOTATIONBIO;HMDB:(HMDB0037745 HMDB0303081);LIPIDMAPS:(LMPK12110585 LMPK12112320);SUPERNATURAL:(SN0305511);MESH:(124201514);FooDB:(FDB007685 FDB016878);PUBCHEM:(163018620 163018621 163018622 163018623 163018624 5318647 134694145 124201514 145945118 25102194 141643500 131707187 13915237 139031044 11664505 122173258 44258018 44259335 138107448 44473317);GNPS:(CCMSLIB00000848610);COCONUT:(CNP0294753);CHEBI:(189462);DSSTox:(DTXSID201298666);LOTUS:(Q115949691 Q105220999 Q105220998 Q23466058);PUBCHEMANNOTATIONDRUG;PUBMED;KNAPSACK:(QHLKSZBFIJJREC-UHFFFAOYSA-N),140445225086,625.177,316,5.263,658893442857318003,658892999863308881,2945,
1,1,0.576,0.726,-18.271,,34.528,C15H10O7,[M + H]+,C15H11O7+,REFJWTPEDVJJIY,"InChI=1S/C15H10O7/c16-7-4-10(19)12-11(5-7)22-15(14(21)13(12)20)6-1-2-8(17)9(18)3-6/h1-5,16-19,21H",Quercetin,C1=CC(=C(C=C1C2=C(C(=O)C3=C(C=C(C=C3O2)O)O)O)O)O,1.367,21600688;5280343;101792073;101792074;162641822;156767820;156767821;156767823;88462991;59574960;130367129;46906036;91069955;12305312;49849859;49849860,PUBCHEMANNOTATIONBIO;HMDB:(HMDB0005794);MiMeDB:(MMDBc0031154);PUBCHEMANNOTATIONSAFETYANDTOXIC;BloodExposome:(5284452 5280343);LIPIDMAPS:(LMPK12110004);SUPERNATURAL:(SN0322960);HSDB:(117-39-5);MESH:(5280343);FooDB:(FDB011904);PUBCHEM:(21600688 5280343 101792073 101792074 162641822 156767820 156767821 156767823 88462991 59574960 130367129 46906036 91069955 12305312 49849859 49849860);GNPS:(CCMSLIB00000077221 CCMSLIB00004684190 CCMSLIB00000077171);COCONUT:(CNP0103504);NORMAN:(NS00001142);METACYC:(2-METHYL-BUTANOYL-DIHYDROLIPOYL-E2 CPD-520 SMA-0000263 SMA-0000266 SMA-0000631);PLANTCYC:(CPD-520);CHEBI:(16243 57694);KEGG:(C00389);DSSTox:(DTXSID4021218 DTXSID9021219);LOTUS:(Q409478);YMDB:(YMDB01777);PUBCHEMANNOTATIONDRUG;PUBCHEMANNOTATIONFOOD;PUBMED;KNAPSACK:(REFJWTPEDVJJIY-UHFFFAOYSA-N),141724949374,303.049,326,5.426,658893398062148886,658892999913640534,2997,
1,1,0.720,0.902,-21.599,,45.861,C21H20O11,[M + H]+,C21H21O11+,OXGUCUVFOIWWQJ,"InChI=1S/C21H20O11/c1-7-15(26)17(28)18(29)21(30-7)32-20-16(27)14-12(25)5-9(22)6-13(14)31-19(20)8-2-3-10(23)11(24)4-8/h2-7,15,17-18,21-26,28-29H,1H3",Quercetin,CC1C(C(C(C(O1)OC2=C(OC3=CC(=CC(=C3C2=O)O)O)C4=CC(=C(C=C4)O)O)O)O)O,0.900,21550894;124540693;144163037;6710619;40469466;40486293;15939939;23304560;5280459;5320477;5320852;5320854;5353915;5359430;51402819;51402820;51403177;51403178;69916642;124425448;162903256;162903257;162903258;162903259;6325794;5702146;16667665;89864329;16758176;10072329;25141341;25200492;25203748;90882953;54174440;24211982;26339717;12314853;12314855;12314856;12314859;11972444;49792009;49847482;18604930;44259217,PUBCHEMANNOTATIONBIO;HMDB:(HMDB0033751 HMDB0257017);MiMeDB:(MMDBc0053689);PUBCHEMANNOTATIONSAFETYANDTOXIC;BloodExposome:(5353915 18604930 5280459 6325794);LIPIDMAPS:(LMPK12112171);SUPERNATURAL:(SN0277652);HSDB:(522-12-3);MESH:(5280459 6325794);FooDB:(FDB011884);PUBCHEM:(21550894 124540693 144163037 6710619 40469466 40486293 15939939 23304560 5280459 5320477 5320852 5320854 5353915 5359430 51402819 51402820 51403177 51403178 69916642 124425448 162903256 162903257 162903258 162903259 6325794 5702146 16667665 89864329 16758176 10072329 25141341 25200492 25203748 90882953 54174440 24211982 26339717 12314853 12314855 12314856 12314859 11972444 49792009 49847482 18604930 44259217);GNPS:(CCMSLIB00004678847 CCMSLIB00000078893 CCMSLIB00003140223 CCMSLIB00003136824);COCONUT:(CNP0171505);NORMAN:(NS00006156);METACYC:(CPD-8013 QUERCITRIN);PLANTCYC:(CPD-8013);CHEBI:(58192 76060 17558 75886 110203 189427 75863);KEGG:(C01750);DSSTox:(DTXSID40871736 DTXSID50200230);LOTUS:(Q115948681 Q105202674 Q1649777 Q105202673 Q104667214 Q105202679 Q27145608 Q105202665 Q27145624 Q105202666 Q105202607 Q105202668 Q105202675 Q115950352 Q105202680 Q105202603 Q104193930 Q104399360);PUBCHEMANNOTATIONDRUG;PUBMED;KNAPSACK:(OXGUCUVFOIWWQJ-UHFFFAOYSA-N),141590666110,449.108,326,5.426,658893397428808722,658892999972360795,2998,
1,1,0.864,0.902,-16.881,,86.565,C21H20O12,[M + H]+,C21H21O12+,OVSQVDMCBVZWGM,"InChI=1S/C21H20O12/c22-6-13-15(27)17(29)18(30)21(32-13)33-20-16(28)14-11(26)4-8(23)5-12(14)31-19(20)7-1-2-9(24)10(25)3-7/h1-5,13,15,17-18,21-27,29-30H,6H2",Hyperin,C1=CC(=C(C=C1C2=C(C(=O)C3=C(C=C(C=C3O2)O)O)OC4C(C(C(C(O4)CO)O)O)O)O)O,0.400,51521831;51538333;67964649;94005022;5280804;5281643;5318390;5318574;5320845;5378597;51402807;134508329;22524459;69916445;102386402;162911731;162911732;162911733;162911734;162911735;162911736;162911737;6455156;5742688;89718967;140870744;92218159;25079947;25203368;45933929;60093724;148842048;90657624;71718904;93090065;132033982;24211968;68318041;153305279;59557448;10813969;130304727;46781931;93531727;12304321;12304322;12304323;12304324;12304327;12304328;12304330;12304331;11557027;133568467;11751616;11968606;44259091;44259136;73897337;57497930;68866016,PUBCHEMANNOTATIONBIO;HMDB:(HMDB0030775 HMDB0037362 HMDB0247252 HMDB0302881);PUBCHEMANNOTATIONSAFETYANDTOXIC;BloodExposome:(44259136 11557027 11751616 5280804 5281643 90657624 25203368);LIPIDMAPS:(LMPK12112041 LMPK12112086 LMPK12112170);SUPERNATURAL:(SN0276481);MESH:(5280804 5281643 5378597 10813969 12304323 25203368 45933929 90657624);FooDB:(FDB002711 FDB006655 FDB016407 FDB021640);PUBCHEM:(51521831 51538333 67964649 94005022 5280804 5281643 5318390 5318574 5320845 5378597 51402807 134508329 22524459 69916445 102386402 162911731 162911732 162911733 162911734 162911735 162911736 162911737 6455156 5742688 89718967 140870744 92218159 25079947 25203368 45933929 60093724 148842048 90657624 71718904 93090065 132033982 24211968 68318041 153305279 59557448 10813969 130304727 46781931 93531727 12304321 12304322 12304323 12304324 12304327 12304328 12304330 12304331 11557027 133568467 11751616 11968606 44259091 44259136 73897337 57497930 68866016);GNPS:(CCMSLIB00000077231 CCMSLIB00000845303);COCONUT:(CNP0180599);NORMAN:(NS00003276 NS00069794 NS00079301);METACYC:(CPD-13509 CPD1F-437);PLANTCYC:(CPD-13509 CPD1F-437);CHEBI:(68352 67486 144437);KEGG:(C10073 C05623);DSSTox:(DTXSID3041110 DTXSID501028789 DTXSID60859399);LOTUS:(Q105201249 Q114780256 Q105201138 Q63398496 Q105201322 Q115949781 Q104193829 Q115949690 Q5242815 Q11644422 Q6086296 Q114780208 Q105201243 Q110183526 Q105201246 Q105201326 Q105201242 Q105201320 Q105201241 Q105201331 Q105201266);PUBCHEMANNOTATIONDRUG;PUBCHEMANNOTATIONFOOD;PUBMED;KNAPSACK:(OVSQVDMCBVZWGM-UHFFFAOYSA-N),140651141502,465.102,326,5.426,658893395138718372,658893000018498144,2999,
1,1,0.664,0.755,-28.198,,63.741,C27H30O16,[M + H]+,C27H31O16+,IKGXIBQEEMLURG,"InChI=1S/C27H30O16/c1-8-17(32)20(35)22(37)26(40-8)39-7-15-18(33)21(36)23(38)27(42-15)43-25-19(34)16-13(31)5-10(28)6-14(16)41-24(25)9-2-3-11(29)12(30)4-9/h2-6,8,15,17-18,20-23,26-33,35-38H,7H2,1H3",Rutin,CC1C(C(C(C(O1)OCC2C(C(C(C(O2)OC3=C(OC4=CC(=CC(=C4C3=O)O)O)C5=CC(=C(C=C5)O)O)O)O)O)O)O)O,-1.300,154831470;21550599;58527700;58991966;6604602;6728944;20849254;163194176;163285323;50986614;125528541;125528542;125528543;5280805;5293655;16407528;163648543;154497326;86574912;134694970;134877801;7067273;7067274;7067275;7067276;124130978;124221768;124290676;124290677;124290678;124290679;162995325;162995326;162995327;162995328;162995329;162995330;162995331;162995332;162995333;162995334;162995335;162995336;162995337;162995338;162995339;162995340;162995341;162995342;162995343;162995344;162995345;162995346;162995347;162995348;162995349;162995350;162995351;162995352;162995353;162995354;162995355;162995356;125121050;125121051;125121052;125121053;125462931;125462934;125462935;125462936;6321399;97043844;66803268;66805180;146360187;89570341;89627212;89809141;16758145;92402723;92402724;92402725;92402726;10100271;10232597;10371536;69496070;69496071;45933936;60093721;129009988;129360085;89150036;89150065;71752145;44587841;138644964;24180166;139026081;98072905;98072907;98072909;59873244;123134031;130253346;46936193;12315122;11968903;90058539;90064062;54579866;44259100;44259148;73897332;57494294;44429733;44460559;57867327;24832108,PUBCHEMANNOTATIONBIO;HMDB:(HMDB0003249 HMDB0257021 HMDB0301691);PUBCHEMANNOTATIONSAFETYANDTOXIC;BloodExposome:(5293655 6728944 5280805 46936193);LIPIDMAPS:(LMPK12112050 LMPK12112098);SUPERNATURAL:(SN0147879);MESH:(5280805 24832108);FooDB:(FDB000168 FDB002536);PUBCHEM:(154831470 21550599 58527700 58991966 6604602 6728944 20849254 163194176 163285323 50986614 125528541 125528542 125528543 5280805 5293655 16407528 163648543 154497326 86574912 134694970 134877801 7067273 7067274 7067275 7067276 124130978 124221768 124290676 124290677 124290678 124290679 162995325 162995326 162995327 162995328 162995329 162995330 162995331 162995332 162995333 162995334 162995335 162995336 162995337 162995338 162995339 162995340 162995341 162995342 162995343 162995344 162995345 162995346 162995347 162995348 162995349 162995350 162995351 162995352 162995353 162995354 162995355 162995356 125121050 125121051 125121052 125121053 125462931 125462934 125462935 125462936 6321399 97043844 66803268 66805180 146360187 89570341 89627212 89809141 16758145 92402723 92402724 92402725 92402726 10100271 10232597 10371536 69496070 69496071 45933936 60093721 129009988 129360085 89150036 89150065 71752145 44587841 138644964 24180166 139026081 98072905 98072907 98072909 59873244 123134031 130253346 46936193 12315122 11968903 90058539 90064062 54579866 44259100 44259148 73897332 57494294 44429733 44460559 57867327 24832108);GNPS:(CCMSLIB00000077235 CCMSLIB00003137822 CCMSLIB00000079258);COCONUT:(CNP0268715);NORMAN:(NS00005273);METACYC:(RUTIN);PLANTCYC:(RUTIN);CHEBI:(91643 28527);KEGG:(C05625);DSSTox:(DTXSID3022326 DTXSID50179735 DTXSID70859300);LOTUS:(Q105114366 Q105114409 Q105114590 Q407857 Q105114410 Q105114374 Q105114397 Q105114596 Q105114404 Q105114400 Q105114589 Q115949683 Q105114398 Q105114593 Q104397602 Q27163468 Q105114390 Q105114367 Q105114598 Q105114402);PUBCHEMANNOTATIONDRUG;PUBCHEMANNOTATIONFOOD;PUBMED;KNAPSACK:(IKGXIBQEEMLURG-UHFFFAOYSA-N),140651141502,611.160,326,5.426,658893382014738632,658893000068829797,3000,
1,1,0.843,0.893,-16.607,,79.651,C21H20O12,[M + H]+,C21H21O12+,OVSQVDMCBVZWGM,"InChI=1S/C21H20O12/c22-6-13-15(27)17(29)18(30)21(32-13)33-20-16(28)14-11(26)4-8(23)5-12(14)31-19(20)7-1-2-9(24)10(25)3-7/h1-5,13,15,17-18,21-27,29-30H,6H2",Hyperin,C1=CC(=C(C=C1C2=C(C(=O)C3=C(C=C(C=C3O2)O)O)OC4C(C(C(C(O4)CO)O)O)O)O)O,0.400,51521831;51538333;67964649;94005022;5280804;5281643;5318390;5318574;5320845;5378597;51402807;134508329;22524459;69916445;102386402;162911731;162911732;162911733;162911734;162911735;162911736;162911737;6455156;5742688;89718967;140870744;92218159;25079947;25203368;45933929;60093724;148842048;90657624;71718904;93090065;132033982;24211968;68318041;153305279;59557448;10813969;130304727;46781931;93531727;12304321;12304322;12304323;12304324;12304327;12304328;12304330;12304331;11557027;133568467;11751616;11968606;44259091;44259136;73897337;57497930;68866016,PUBCHEMANNOTATIONBIO;HMDB:(HMDB0030775 HMDB0037362 HMDB0247252 HMDB0302881);PUBCHEMANNOTATIONSAFETYANDTOXIC;BloodExposome:(44259136 11557027 11751616 5280804 5281643 90657624 25203368);LIPIDMAPS:(LMPK12112041 LMPK12112086 LMPK12112170);SUPERNATURAL:(SN0276481);MESH:(5280804 5281643 5378597 10813969 12304323 25203368 45933929 90657624);FooDB:(FDB002711 FDB006655 FDB016407 FDB021640);PUBCHEM:(51521831 51538333 67964649 94005022 5280804 5281643 5318390 5318574 5320845 5378597 51402807 134508329 22524459 69916445 102386402 162911731 162911732 162911733 162911734 162911735 162911736 162911737 6455156 5742688 89718967 140870744 92218159 25079947 25203368 45933929 60093724 148842048 90657624 71718904 93090065 132033982 24211968 68318041 153305279 59557448 10813969 130304727 46781931 93531727 12304321 12304322 12304323 12304324 12304327 12304328 12304330 12304331 11557027 133568467 11751616 11968606 44259091 44259136 73897337 57497930 68866016);GNPS:(CCMSLIB00000077231 CCMSLIB00000845303);COCONUT:(CNP0180599);NORMAN:(NS00003276 NS00069794 NS00079301);METACYC:(CPD-13509 CPD1F-437);PLANTCYC:(CPD-13509 CPD1F-437);CHEBI:(68352 67486 144437);KEGG:(C10073 C05623);DSSTox:(DTXSID3041110 DTXSID501028789 DTXSID60859399);LOTUS:(Q105201249 Q114780256 Q105201138 Q63398496 Q105201322 Q115949781 Q104193829 Q115949690 Q5242815 Q11644422 Q6086296 Q114780208 Q105201243 Q110183526 Q105201246 Q105201326 Q105201242 Q105201320 Q105201241 Q105201331 Q105201266);PUBCHEMANNOTATIONDRUG;PUBCHEMANNOTATIONFOOD;PUBMED;KNAPSACK:(OVSQVDMCBVZWGM-UHFFFAOYSA-N),140651141502,465.103,343,5.720,658893383860233008,658893000127550058,3085,
1,1,0.755,0.852,-32.882,,51.414,C21H20O11,[M + H]+,C21H21O11+,JPUKWEQWGBDDQB,"InChI=1S/C21H20O11/c22-7-13-15(26)17(28)18(29)21(31-13)32-20-16(27)14-11(25)5-10(24)6-12(14)30-19(20)8-1-3-9(23)4-2-8/h1-6,13,15,17-18,21-26,28-29H,7H2",Trifolin,C1=CC(=CC=C1C2=C(C(=O)C3=C(C=C(C=C3O2)O)O)OC4C(C(C(C(O4)CO)O)O)O)O,0.700,154828345;144233095;51521835;51521834;162476546;9911508;5282102;5282149;5318755;5462193;5488283;51402811;162918560;162918561;162918562;162918563;5742687;89719004;56961352;25201364;25203515;122537602;132211485;24211971;59557452;12011805;12358425;12358426;12358429;12358430;133564575;72551446;44155246;44258736;44258737;44258797;44258798;138107328,PUBCHEMANNOTATIONBIO;HMDB:(HMDB0030864 HMDB0037429 HMDB0257804 HMDB0302704 HMDB0304745);MiMeDB:(MMDBc0052884);BloodExposome:(12358425 5282102 5282149 44258797);LIPIDMAPS:(LMPK12111662 LMPK12111663 LMPK12111725 LMPK12111726);SUPERNATURAL:(SN0171976);MESH:(5282102 5282149 5462193 5488283 12011805 44258737);FooDB:(FDB002824 FDB004135 FDB005884 FDB016478 FDB016479 FDB016480 FDB016661 FDB018188 FDB097385);PUBCHEM:(154828345 144233095 51521835 51521834 162476546 9911508 5282102 5282149 5318755 5462193 5488283 51402811 162918560 162918561 162918562 162918563 5742687 89719004 56961352 25201364 25203515 122537602 132211485 24211971 59557452 12011805 12358425 12358426 12358429 12358430 133564575 72551446 44155246 44258736 44258737 44258797 44258798 138107328);GNPS:(CCMSLIB00000845312 CCMSLIB00000845056 CCMSLIB00000845731);COCONUT:(CNP0187953);NORMAN:(NS00097613);METACYC:(CPD1F-453 CPD-7260);PLANTCYC:(CPD1F-453 CPD-7260);CHEBI:(75791 169942 30200 76104 168037 31742 75796 75797);KEGG:(C12626 C12249);DSSTox:(DTXSID30946447 DTXSID801017739 DTXSID901318201);LOTUS:(Q105133247 Q105133322 Q105133277 Q105133256 Q27145549 Q27145543 Q115949686 Q27145547 Q105133323 Q105133274 Q114780255 Q105133258 Q7841515 Q105133245 Q104169766 Q4811191);PUBCHEMANNOTATIONDRUG;PUBMED;KNAPSACK:(JPUKWEQWGBDDQB-UHFFFAOYSA-N),141523556734,449.107,352,5.868,658893374947334542,658893000186270319,3119,
1,1,0.441,0.704,-36.046,,73.019,C27H30O15,[M + H]+,C27H31O15+,RTATXGUCZHCSNG,"InChI=1S/C27H30O15/c1-9-17(31)20(34)22(36)26(39-9)38-8-15-18(32)21(35)23(37)27(41-15)42-25-19(33)16-13(30)6-12(29)7-14(16)40-24(25)10-2-4-11(28)5-3-10/h2-7,9,15,17-18,20-23,26-32,34-37H,8H2,1H3",Nicotiflorin,CC1C(C(C(C(O1)OCC2C(C(C(C(O2)OC3=C(OC4=CC(=CC(=C4C3=O)O)O)C5=CC=C(C=C5)O)O)O)O)O)O)O,-0.900,124899991;124899993;124899994;124899995;155814677;15944778;5318767;154497089;86765289;134692656;101682759;125027371;125027372;125027373;162951768;162951769;162951770;162951771;162951772;162951773;162951774;162951775;162951776;162951777;162951778;162951779;162951780;162951781;162951782;162951783;162951784;162951785;162951786;162951787;162951788;162951789;162951790;162951791;20055286;100903547;98535830;10210666;10257904;93472769;93472770;93472771;93472772;138644963;24211973;11376821;139033618;98072855;98072857;98072859;98072860;12313332;12313333;12313334;12313335;122173234;90058543;44144326;44249794;44258742;44258806;73897330;138107481;44445551;44460580,PUBCHEMANNOTATIONBIO;HMDB:(HMDB0037574 HMDB0302426);PUBCHEMANNOTATIONSAFETYANDTOXIC;BloodExposome:(5318767);LIPIDMAPS:(LMPK12111669 LMPK12111734);SUPERNATURAL:(SN0334511);MESH:(5318767);FooDB:(FDB004523 FDB005905 FDB016666 FDB016667);PUBCHEM:(124899991 124899993 124899994 124899995 155814677 15944778 5318767 154497089 86765289 134692656 101682759 125027371 125027372 125027373 162951768 162951769 162951770 162951771 162951772 162951773 162951774 162951775 162951776 162951777 162951778 162951779 162951780 162951781 162951782 162951783 162951784 162951785 162951786 162951787 162951788 162951789 162951790 162951791 20055286 100903547 98535830 10210666 10257904 93472769 93472770 93472771 93472772 138644963 24211973 11376821 139033618 98072855 98072857 98072859 98072860 12313332 12313333 12313334 12313335 122173234 90058543 44144326 44249794 44258742 44258806 73897330 138107481 44445551 44460580);GNPS:(CCMSLIB00000080380 CCMSLIB00000080191 CCMSLIB00000846155);COCONUT:(CNP0222584);NORMAN:(NS00097624);METACYC:(CPD-15072);CHEBI:(69657 139410);DSSTox:(DTXSID50938804 DTXSID601308649);LOTUS:(Q105245027 Q105245030 Q23058965 Q104394028 Q105245022 Q104667701 Q105245028 Q50318427 Q105245009 Q105245031 Q105245025 Q105245026 Q105245010 Q105245021 Q105245007 Q104196907 Q114780264 Q105245023);PUBCHEMANNOTATIONDRUG;PUBMED;KNAPSACK:(RTATXGUCZHCSNG-UHFFFAOYSA-N),140516792446,595.165,352,5.868,658893379519126994,658893000232407668,3120,
1,6,0.013,0.013,-207.007,,68.011,C24H22O13,[M + C3H8O + H]+,C27H31O14+,FRAUJUKWSKMNJY,"InChI=1S/C24H22O13/c25-11-3-1-10(2-4-11)13-8-34-15-6-12(5-14(26)19(15)20(13)30)36-24-23(33)22(32)21(31)16(37-24)9-35-18(29)7-17(27)28/h1-6,8,16,21-26,31-33H,7,9H2,(H,27,28)",Malonylgenistin,C1=CC(=CC=C1C2=COC3=CC(=CC(=C3C2=O)O)OC4C(C(C(C(O4)COC(=O)CC(=O)O)O)O)O)O,0.600,9849482;15934089;15934091;162851226;25245763;89004774;89014855;122663052;90658001;71777444;131750882;121458911;59576009;44257280,PUBCHEMANNOTATIONBIO;HMDB:(HMDB0029529);BloodExposome:(15934091);LIPIDMAPS:(LMPK12050173);SUPERNATURAL:(SN0093244);MESH:(15934091);FooDB:(FDB000670);PUBCHEM:(9849482 15934089 15934091 162851226 25245763 89004774 89014855 122663052 90658001 71777444 131750882 121458911 59576009 44257280);GNPS:(CCMSLIB00003137215 CCMSLIB00000845477);COCONUT:(CNP0113508);NORMAN:(NS00094571);METACYC:(CPD-3422);PLANTCYC:(CPD-3422);CHEBI:(80372);KEGG:(C16192);DSSTox:(DTXSID201316854);LOTUS:(Q105000051 Q104392649 Q104389696 Q105000058 Q27149379);PUBCHEMANNOTATIONDRUG;PUBMED;KNAPSACK:(FRAUJUKWSKMNJY-UHFFFAOYSA-N),140449814910,579.170,358,5.964,658893394555709858,658893000278545017,3130,
1,1,0.880,0.892,-32.850,,80.572,C22H22O12,[M + H]+,C22H23O12+,CQLRUIIRRZYHHS,"InChI=1S/C22H22O12/c1-31-12-4-8(2-3-10(12)25)20-21(17(28)15-11(26)5-9(24)6-13(15)32-20)34-22-19(30)18(29)16(27)14(7-23)33-22/h2-6,14,16,18-19,22-27,29-30H,7H2,1H3","5,7-dihydroxy-2-(4-hydroxy-3-methoxyphenyl)-3-{[3,4,5-trihydroxy-6-(hydroxymethyl)oxan-2-yl]oxy}-4H-chromen-4-one",COC1=C(C=CC(=C1)C2=C(C(=O)C3=C(C=C(C=C3O2)O)O)OC4C(C(C(C(O4)CO)O)O)O)O,0.700,154828501;86326451;86328677;51506933;5318644;5318645;42433475;42433476;42433477;42433478;51402808;51402809;162959352;97641303;94856579;91885208;10390317;45933930;13245586;13245587;13245588;13245589;122386690;72551443;71463991;44258009,PUBCHEMANNOTATIONBIO;HMDB:(HMDB0301761 HMDB0302682);MiMeDB:(MMDBc0033661);BloodExposome:(5318645);LIPIDMAPS:(LMPK12110576 LMPK12112315);SUPERNATURAL:(SN0052854);MESH:(5318644 5318645 86328677);FooDB:(FDB000605 FDB005749 FDB021629);PUBCHEM:(154828501 86326451 86328677 51506933 5318644 5318645 42433475 42433476 42433477 42433478 51402808 51402809 162959352 97641303 94856579 91885208 10390317 45933930 13245586 13245587 13245588 13245589 122386690 72551443 71463991 44258009);GNPS:(CCMSLIB00000848486 CCMSLIB00003135800);COCONUT:(CNP0230367);METACYC:(CPD-14969);PLANTCYC:(CPD-14969);CHEBI:(183365 75750 75758 75777 139461 75751);DSSTox:(DTXSID601311218 DTXSID90855824);LOTUS:(Q104968098 Q27145533 Q104968101 Q27145537 Q104968110 Q23049780 Q114780210 Q27145528 Q104968109 Q27145529 Q104968068);YMDB:(YMDB01721);PUBCHEMANNOTATIONDRUG;PUBMED;KNAPSACK:(CQLRUIIRRZYHHS-UHFFFAOYSA-N),141523359870,479.118,358,5.967,658893427380335924,658893000328876670,3139,
1,1,0.651,0.760,-28.088,,57.665,C28H32O16,[M + H]+,C28H33O16+,UIDGLYUNOUKLBM,"InChI=1S/C28H32O16/c1-9-18(32)21(35)23(37)27(41-9)40-8-16-19(33)22(36)24(38)28(43-16)44-26-20(34)17-13(31)6-11(29)7-15(17)42-25(26)10-3-4-12(30)14(5-10)39-2/h3-7,9,16,18-19,21-24,27-33,35-38H,8H2,1-2H3",Keioside,CC1C(C(C(C(O1)OCC2C(C(C(C(O2)OC3=C(OC4=CC(=CC(=C4C3=O)O)O)C5=CC(=C(C=C5)O)OC)O)O)O)O)O)O,-1.000,17751019;124629463;124631333;124708098;124900053;9809306;9830579;9852109;5481663;5487249;5491808;154496792;154496793;23983710;124203888;125027378;125027379;162995379;162995380;162995381;162995382;162995383;162995384;162995385;162995386;162995387;162995388;162995389;162995390;162995391;162995392;162995393;6223069;97543949;100875477;99668048;45933931;60086671;98072825;98072828;98072831;98072834;12313122;12313123;133562525;49858015;44143977;71367020;44258019;44259336;73897333;138107370;44460557,PUBCHEMANNOTATIONBIO;HMDB:(HMDB0037746);PUBCHEMANNOTATIONSAFETYANDTOXIC;BloodExposome:(5481663 44258019);LIPIDMAPS:(LMPK12110586 LMPK12112321);SUPERNATURAL:(SN0371105);MESH:(5481663 5487249 5491808 6223069 17751019 44143977 44258019);FooDB:(FDB000609 FDB016879);PUBCHEM:(17751019 124629463 124631333 124708098 124900053 9809306 9830579 9852109 5481663 5487249 5491808 154496792 154496793 23983710 124203888 125027378 125027379 162995379 162995380 162995381 162995382 162995383 162995384 162995385 162995386 162995387 162995388 162995389 162995390 162995391 162995392 162995393 6223069 97543949 100875477 99668048 45933931 60086671 98072825 98072828 98072831 98072834 12313122 12313123 133562525 49858015 44143977 71367020 44258019 44259336 73897333 138107370 44460557);GNPS:(CCMSLIB00000846778 CCMSLIB00000847164 CCMSLIB00003137154 CCMSLIB00003139508);COCONUT:(CNP0268736);NORMAN:(NS00097637);CHEBI:(145096 132898 176377 139417);DSSTox:(DTXSID00209157 DTXSID70148226 DTXSID70968360);LOTUS:(Q105273276 Q63395232 Q72486537 Q105273256 Q105273273 Q105273274 Q23418564 Q105273266 Q115949706 Q105273269 Q105273275 Q105273277 Q115949730 Q104397630 Q105273278 Q105273268 Q105273265);PUBCHEMANNOTATIONDRUG;PUBMED;KNAPSACK:(UIDGLYUNOUKLBM-UHFFFAOYSA-N),140516790398,625.176,358,5.967,658893385667978340,658893000383402627,3140,
1,1,0.711,0.826,-32.858,,62.825,C21H20O11,[M + H]+,C21H21O11+,JPUKWEQWGBDDQB,"InChI=1S/C21H20O11/c22-7-13-15(26)17(28)18(29)21(31-13)32-20-16(27)14-11(25)5-10(24)6-12(14)30-19(20)8-1-3-9(23)4-2-8/h1-6,13,15,17-18,21-26,28-29H,7H2",Trifolin,C1=CC(=CC=C1C2=C(C(=O)C3=C(C=C(C=C3O2)O)O)OC4C(C(C(C(O4)CO)O)O)O)O,0.700,154828345;144233095;51521835;51521834;162476546;9911508;5282102;5282149;5318755;5462193;5488283;51402811;162918560;162918561;162918562;162918563;5742687;89719004;56961352;25201364;25203515;122537602;132211485;24211971;59557452;12011805;12358425;12358426;12358429;12358430;133564575;72551446;44155246;44258736;44258737;44258797;44258798;138107328,PUBCHEMANNOTATIONBIO;HMDB:(HMDB0030864 HMDB0037429 HMDB0257804 HMDB0302704 HMDB0304745);MiMeDB:(MMDBc0052884);BloodExposome:(12358425 5282102 5282149 44258797);LIPIDMAPS:(LMPK12111662 LMPK12111663 LMPK12111725 LMPK12111726);SUPERNATURAL:(SN0171976);MESH:(5282102 5282149 5462193 5488283 12011805 44258737);FooDB:(FDB002824 FDB004135 FDB005884 FDB016478 FDB016479 FDB016480 FDB016661 FDB018188 FDB097385);PUBCHEM:(154828345 144233095 51521835 51521834 162476546 9911508 5282102 5282149 5318755 5462193 5488283 51402811 162918560 162918561 162918562 162918563 5742687 89719004 56961352 25201364 25203515 122537602 132211485 24211971 59557452 12011805 12358425 12358426 12358429 12358430 133564575 72551446 44155246 44258736 44258737 44258797 44258798 138107328);GNPS:(CCMSLIB00000845312 CCMSLIB00000845056 CCMSLIB00000845731);COCONUT:(CNP0187953);NORMAN:(NS00097613);METACYC:(CPD1F-453 CPD-7260);PLANTCYC:(CPD1F-453 CPD-7260);CHEBI:(75791 169942 30200 76104 168037 31742 75796 75797);KEGG:(C12626 C12249);DSSTox:(DTXSID30946447 DTXSID801017739 DTXSID901318201);LOTUS:(Q105133247 Q105133322 Q105133277 Q105133256 Q27145549 Q27145543 Q115949686 Q27145547 Q105133323 Q105133274 Q114780255 Q105133258 Q7841515 Q105133245 Q104169766 Q4811191);PUBCHEMANNOTATIONDRUG;PUBMED;KNAPSACK:(JPUKWEQWGBDDQB-UHFFFAOYSA-N),141523556734,449.108,367,6.115,658893381431730176,658893000437928584,3167,
1,2,0.831,0.854,-35.190,,173.353,C21H20O13,[M - H2O + H]+,C21H19O12+,FOHXFLPXBUAOJM,"InChI=1S/C21H20O13/c22-5-12-15(28)17(30)18(31)21(33-12)34-20-16(29)13-8(24)3-7(23)4-11(13)32-19(20)6-1-9(25)14(27)10(26)2-6/h1-4,12,15,17-18,21-28,30-31H,5H2",Isomyricitrin,C1=C(C=C(C(=C1O)O)O)C2=C(C(=O)C3=C(C=C(C=C3O2)O)O)OC4C(C(C(C(O4)CO)O)O)O,0.000,5318606;5491408;53809877;22524304;22841567;124488029;162965836;10299455;10367864;88051302;90683103;138911134;12311099;12311100;133612143;72551438;72551451;44259418;44259426,PUBCHEMANNOTATIONBIO;HMDB:(HMDB0034358 HMDB0303631);MiMeDB:(MMDBc0033689);BloodExposome:(5318606 53809877);LIPIDMAPS:(LMPK12112412 LMPK12112420);SUPERNATURAL:(SN0091134);FooDB:(FDB012723 FDB017001);PUBCHEM:(5318606 5491408 53809877 22524304 22841567 124488029 162965836 10299455 10367864 88051302 90683103 138911134 12311099 12311100 133612143 72551438 72551451 44259418 44259426);GNPS:(CCMSLIB00004678820);COCONUT:(CNP0237115);METACYC:(CPD-14843);PLANTCYC:(CPD-14843);CHEBI:(168023 75823 75817 75815 144444 75813 75821);DSSTox:(DTXSID20941668 DTXSID30166087);LOTUS:(Q104393040 Q104998772 Q27145562 Q27145573 Q27145566 Q104252596 Q27145564 Q104390432);YMDB:(YMDB01755);PUBCHEMANNOTATIONDRUG;PUBMED;KNAPSACK:(FOHXFLPXBUAOJM-UHFFFAOYSA-N),141523359866,463.086,376,6.272,658893587162348464,658893000454705805,3199,
1,3,0.303,0.396,-69.696,,55.948,C21H28O13,[M - H4O2 + H]+,C21H25O11+,FLMDUXSVNZEHLA,"InChI=1S/C21H28O13/c22-7-12-15(27)17(29)18(30)20(31-12)34-21(9-24)19(16(28)13(8-23)33-21)32-14(26)6-3-10-1-4-11(25)5-2-10/h1-6,12-13,15-20,22-25,27-30H,7-9H2","4-hydroxy-2,5-bis(hydroxymethyl)-2-{[3,4,5-trihydroxy-6-(hydroxymethyl)oxan-2-yl]oxy}oxolan-3-yl 3-(4-hydroxyphenyl)prop-2-enoate",C1=CC(=CC=C1C=CC(=O)OC2C(C(OC2(CO)OC3C(C(C(C(O3)CO)O)O)O)CO)O)O,-2.396,101362480;14542800;162987597;72732658,COCONUT:(CNP0260325);SUPERNATURAL:(SN0088921);PUBCHEM:(101362480 14542800 162987597 72732658),3145730,453.139,392,6.531,658893388314584540,658893000471483026,3250,
